<?xml version="1.0" encoding="UTF-8"?>
<project-private xmlns="http://www.netbeans.org/ns/project-private/1">
    <editor-bookmarks xmlns="http://www.netbeans.org/ns/editor-bookmarks/2" lastBookmarkId="1">
        <file>
            <url>src/labs/pm/data/Product.java</url>
            <bookmark id="1">
                <name/>
                <line>52</line>
                <key/>
            </bookmark>
        </file>
    </editor-bookmarks>
    <open-files xmlns="http://www.netbeans.org/ns/projectui-open-files/2">
        <group>
            <file>file:/home/fabio/desenvolvimento/javase11/ProductManagement/src/labs/pm/data/ProductManager.java</file>
            <file>file:/home/fabio/desenvolvimento/javase11/ProductManagement/src/labs/pm/app/Shop.java</file>
            <file>file:/home/fabio/desenvolvimento/javase11/ProductManagement/src/labs/pm/data/Review.java</file>
            <file>file:/home/fabio/desenvolvimento/javase11/ProductManagement/src/labs/pm/data/resources_ru_RU.properties</file>
            <file>file:/home/fabio/desenvolvimento/javase11/ProductManagement/src/labs/pm/data/Product.java</file>
            <file>file:/home/fabio/desenvolvimento/javase11/ProductManagement/src/module-info.java</file>
        </group>
    </open-files>
</project-private>
